時間,階段,文本,模型,CFG,DIT,結果,耗時(s),History-ID,檔案路徑,備註
2026-08-15T07:13:39,1,三國演義,bm-cent-mixed-e12-ep12-0810,2.0,10,成功,90.6,f294da3485e64807af32f6cba9243727,/Users/miru/Documents/活動/台語TTS平台/聲音/測試聲音/Barbet_mix系列批次生成/三國演義/bm-cent-mixed-e12-ep12-0810_CFG2.0_DIT10.wav,
2026-08-15T07:15:06,1,三國演義,bm-tslm-mixed-e12-ep12-0811,2.0,10,成功,86.2,2bc20ca11bd84355945422ef62979926,/Users/miru/Documents/活動/台語TTS平台/聲音/測試聲音/Barbet_mix系列批次生成/三國演義/bm-tslm-mixed-e12-ep12-0811_CFG2.0_DIT10.wav,
2026-08-15T07:16:45,1,三國演義,bm-tslm-mixed-lr5e5-e0.9-0804,2.0,10,成功,99.1,6c240a706eb94fe394bcdd349396e629,/Users/miru/Documents/活動/台語TTS平台/聲音/測試聲音/Barbet_mix系列批次生成/三國演義/bm-tslm-mixed-lr5e5-e0.9-0804_CFG2.0_DIT10.wav,
2026-08-15T07:18:12,1,三國演義,bm-tslm-mixed-mixedval-e2.0-0804,2.0,10,成功,87.3,69dfde55e79f4a73b39f728e1f48fb26,/Users/miru/Documents/活動/台語TTS平台/聲音/測試聲音/Barbet_mix系列批次生成/三國演義/bm-tslm-mixed-mixedval-e2.0-0804_CFG2.0_DIT10.wav,
2026-08-15T07:19:33,1,紅樓夢,bm-cent-mixed-e12-ep12-0810,2.0,10,成功,81.0,066b3cdd256d4677be4c2bb3bf8de920,/Users/miru/Documents/活動/台語TTS平台/聲音/測試聲音/Barbet_mix系列批次生成/紅樓夢/bm-cent-mixed-e12-ep12-0810_CFG2.0_DIT10.wav,
2026-08-15T07:21:16,1,紅樓夢,bm-tslm-mixed-e12-ep12-0811,2.0,10,成功,102.0,a6e96a82d31a4b30a0390c8cd27d3d0f,/Users/miru/Documents/活動/台語TTS平台/聲音/測試聲音/Barbet_mix系列批次生成/紅樓夢/bm-tslm-mixed-e12-ep12-0811_CFG2.0_DIT10.wav,
2026-08-15T07:24:16,1,紅樓夢,bm-tslm-mixed-lr5e5-e0.9-0804,2.0,10,失敗,180.0,,/Users/miru/Documents/活動/台語TTS平台/聲音/測試聲音/Barbet_mix系列批次生成/紅樓夢/bm-tslm-mixed-lr5e5-e0.9-0804_CFG2.0_DIT10.wav,"HTTPConnectionPool(host='10.9.0.37', port=8800): Read timed out. (read timeout=180)"
2026-08-15T07:27:16,1,紅樓夢,bm-tslm-mixed-mixedval-e2.0-0804,2.0,10,失敗,180.0,,/Users/miru/Documents/活動/台語TTS平台/聲音/測試聲音/Barbet_mix系列批次生成/紅樓夢/bm-tslm-mixed-mixedval-e2.0-0804_CFG2.0_DIT10.wav,"HTTPConnectionPool(host='10.9.0.37', port=8800): Read timed out. (read timeout=180)"
2026-08-15T07:30:04,1,紅樓夢,bm-tslm-mixed-lr5e5-e0.9-0804,2.0,10,成功,52.8,e1e3ef0454a14a38afe80e7b245ab600,/Users/miru/Documents/活動/台語TTS平台/聲音/測試聲音/Barbet_mix系列批次生成/紅樓夢/bm-tslm-mixed-lr5e5-e0.9-0804_CFG2.0_DIT10.wav,
2026-08-15T07:30:48,1,紅樓夢,bm-tslm-mixed-mixedval-e2.0-0804,2.0,10,成功,44.3,6e209ca798664673b8d63539b7d53ac5,/Users/miru/Documents/活動/台語TTS平台/聲音/測試聲音/Barbet_mix系列批次生成/紅樓夢/bm-tslm-mixed-mixedval-e2.0-0804_CFG2.0_DIT10.wav,
2026-08-15T07:31:42,1,新聞,bm-cent-mixed-e12-ep12-0810,2.0,10,成功,53.6,fabc29d93e4a4d78b2d58b52c7785bd2,/Users/miru/Documents/活動/台語TTS平台/聲音/測試聲音/Barbet_mix系列批次生成/新聞/bm-cent-mixed-e12-ep12-0810_CFG2.0_DIT10.wav,
2026-08-15T07:32:35,1,新聞,bm-tslm-mixed-e12-ep12-0811,2.0,10,成功,53.4,4ea62fb9fffb4ccbbe1b06ffba794652,/Users/miru/Documents/活動/台語TTS平台/聲音/測試聲音/Barbet_mix系列批次生成/新聞/bm-tslm-mixed-e12-ep12-0811_CFG2.0_DIT10.wav,
2026-08-15T07:33:22,1,新聞,bm-tslm-mixed-lr5e5-e0.9-0804,2.0,10,成功,46.8,36580e016c964e1089e4a81135b090c2,/Users/miru/Documents/活動/台語TTS平台/聲音/測試聲音/Barbet_mix系列批次生成/新聞/bm-tslm-mixed-lr5e5-e0.9-0804_CFG2.0_DIT10.wav,
2026-08-15T07:34:08,1,新聞,bm-tslm-mixed-mixedval-e2.0-0804,2.0,10,成功,45.3,16dd3ee0e9b44a5bbcac61937ed4cbc4,/Users/miru/Documents/活動/台語TTS平台/聲音/測試聲音/Barbet_mix系列批次生成/新聞/bm-tslm-mixed-mixedval-e2.0-0804_CFG2.0_DIT10.wav,
2026-08-15T07:35:58,2,三國演義,bm-cent-mixed-e12-ep12-0810,2.0,20,成功,81.8,4587af37280049008503ad8d36382bde,/Users/miru/Documents/活動/台語TTS平台/聲音/測試聲音/Barbet_mix系列批次生成/三國演義/bm-cent-mixed-e12-ep12-0810_CFG2.0_DIT20.wav,
2026-08-15T07:37:17,2,三國演義,bm-tslm-mixed-e12-ep12-0811,2.0,20,成功,78.7,68b6eca50461499792f2f8ca991e11ef,/Users/miru/Documents/活動/台語TTS平台/聲音/測試聲音/Barbet_mix系列批次生成/三國演義/bm-tslm-mixed-e12-ep12-0811_CFG2.0_DIT20.wav,
2026-08-15T07:38:27,2,三國演義,bm-tslm-mixed-lr5e5-e0.9-0804,2.0,20,成功,70.3,4b423bbedd0243078318019fba1bdae1,/Users/miru/Documents/活動/台語TTS平台/聲音/測試聲音/Barbet_mix系列批次生成/三國演義/bm-tslm-mixed-lr5e5-e0.9-0804_CFG2.0_DIT20.wav,
2026-08-15T07:39:41,2,三國演義,bm-tslm-mixed-mixedval-e2.0-0804,2.0,20,成功,73.5,7981c6b6b69a4f19ab9dbe393e227291,/Users/miru/Documents/活動/台語TTS平台/聲音/測試聲音/Barbet_mix系列批次生成/三國演義/bm-tslm-mixed-mixedval-e2.0-0804_CFG2.0_DIT20.wav,
2026-08-15T07:41:09,2,紅樓夢,bm-cent-mixed-e12-ep12-0810,2.0,20,成功,88.6,447614932c774695840d8a3dc846f1d5,/Users/miru/Documents/活動/台語TTS平台/聲音/測試聲音/Barbet_mix系列批次生成/紅樓夢/bm-cent-mixed-e12-ep12-0810_CFG2.0_DIT20.wav,
2026-08-15T07:42:32,2,紅樓夢,bm-tslm-mixed-e12-ep12-0811,2.0,20,成功,82.3,0bb080538ef841ada4420f16c3925f36,/Users/miru/Documents/活動/台語TTS平台/聲音/測試聲音/Barbet_mix系列批次生成/紅樓夢/bm-tslm-mixed-e12-ep12-0811_CFG2.0_DIT20.wav,
2026-08-15T07:43:56,2,紅樓夢,bm-tslm-mixed-lr5e5-e0.9-0804,2.0,20,成功,83.7,18776548b77c4e049d4b87a878dec06f,/Users/miru/Documents/活動/台語TTS平台/聲音/測試聲音/Barbet_mix系列批次生成/紅樓夢/bm-tslm-mixed-lr5e5-e0.9-0804_CFG2.0_DIT20.wav,
2026-08-15T07:45:10,2,紅樓夢,bm-tslm-mixed-mixedval-e2.0-0804,2.0,20,成功,74.0,28d142df92f14a569a2b6d31b7504139,/Users/miru/Documents/活動/台語TTS平台/聲音/測試聲音/Barbet_mix系列批次生成/紅樓夢/bm-tslm-mixed-mixedval-e2.0-0804_CFG2.0_DIT20.wav,
2026-08-15T07:46:26,2,新聞,bm-cent-mixed-e12-ep12-0810,2.0,20,成功,76.4,c260983ae02a43a3bb0b93c40c31c3a0,/Users/miru/Documents/活動/台語TTS平台/聲音/測試聲音/Barbet_mix系列批次生成/新聞/bm-cent-mixed-e12-ep12-0810_CFG2.0_DIT20.wav,
2026-08-15T07:47:29,2,新聞,bm-tslm-mixed-e12-ep12-0811,2.0,20,成功,62.3,f23a3d0f21bf4a46ae1e919e84267602,/Users/miru/Documents/活動/台語TTS平台/聲音/測試聲音/Barbet_mix系列批次生成/新聞/bm-tslm-mixed-e12-ep12-0811_CFG2.0_DIT20.wav,
2026-08-15T07:49:09,2,新聞,bm-tslm-mixed-lr5e5-e0.9-0804,2.0,20,成功,100.0,a0ae8e2c00664756a638f001a1ff361c,/Users/miru/Documents/活動/台語TTS平台/聲音/測試聲音/Barbet_mix系列批次生成/新聞/bm-tslm-mixed-lr5e5-e0.9-0804_CFG2.0_DIT20.wav,
2026-08-15T07:50:29,2,新聞,bm-tslm-mixed-mixedval-e2.0-0804,2.0,20,成功,79.9,575286e037d144c99b2c0b7686cc6d67,/Users/miru/Documents/活動/台語TTS平台/聲音/測試聲音/Barbet_mix系列批次生成/新聞/bm-tslm-mixed-mixedval-e2.0-0804_CFG2.0_DIT20.wav,
2026-08-15T07:52:05,2,三國演義,bm-cent-mixed-e12-ep12-0810,2.0,30,成功,96.4,c9bab526336f4002abb65f13ed09203f,/Users/miru/Documents/活動/台語TTS平台/聲音/測試聲音/Barbet_mix系列批次生成/三國演義/bm-cent-mixed-e12-ep12-0810_CFG2.0_DIT30.wav,
2026-08-15T07:53:55,2,三國演義,bm-tslm-mixed-e12-ep12-0811,2.0,30,成功,110.0,7f093132e2a04354adea7ae27b866816,/Users/miru/Documents/活動/台語TTS平台/聲音/測試聲音/Barbet_mix系列批次生成/三國演義/bm-tslm-mixed-e12-ep12-0811_CFG2.0_DIT30.wav,
2026-08-15T07:55:36,2,三國演義,bm-tslm-mixed-lr5e5-e0.9-0804,2.0,30,成功,100.4,42b3fc4e81494d749c794a72f8f745d8,/Users/miru/Documents/活動/台語TTS平台/聲音/測試聲音/Barbet_mix系列批次生成/三國演義/bm-tslm-mixed-lr5e5-e0.9-0804_CFG2.0_DIT30.wav,
2026-08-15T07:57:18,2,三國演義,bm-tslm-mixed-mixedval-e2.0-0804,2.0,30,成功,102.4,f6613d9b3a60480bb865040d6093cf5e,/Users/miru/Documents/活動/台語TTS平台/聲音/測試聲音/Barbet_mix系列批次生成/三國演義/bm-tslm-mixed-mixedval-e2.0-0804_CFG2.0_DIT30.wav,
2026-08-15T07:58:51,2,紅樓夢,bm-cent-mixed-e12-ep12-0810,2.0,30,成功,92.7,968c5b93c38d481c8a8466a6ae95590e,/Users/miru/Documents/活動/台語TTS平台/聲音/測試聲音/Barbet_mix系列批次生成/紅樓夢/bm-cent-mixed-e12-ep12-0810_CFG2.0_DIT30.wav,
2026-08-15T08:00:57,2,紅樓夢,bm-tslm-mixed-e12-ep12-0811,2.0,30,成功,126.0,113148921dbd4b5e86b345c247978186,/Users/miru/Documents/活動/台語TTS平台/聲音/測試聲音/Barbet_mix系列批次生成/紅樓夢/bm-tslm-mixed-e12-ep12-0811_CFG2.0_DIT30.wav,
2026-08-15T08:03:57,2,紅樓夢,bm-tslm-mixed-lr5e5-e0.9-0804,2.0,30,失敗,180.0,,/Users/miru/Documents/活動/台語TTS平台/聲音/測試聲音/Barbet_mix系列批次生成/紅樓夢/bm-tslm-mixed-lr5e5-e0.9-0804_CFG2.0_DIT30.wav,"HTTPConnectionPool(host='10.9.0.37', port=8800): Read timed out. (read timeout=180)"
2026-08-15T08:06:58,2,紅樓夢,bm-tslm-mixed-mixedval-e2.0-0804,2.0,30,失敗,180.0,,/Users/miru/Documents/活動/台語TTS平台/聲音/測試聲音/Barbet_mix系列批次生成/紅樓夢/bm-tslm-mixed-mixedval-e2.0-0804_CFG2.0_DIT30.wav,"HTTPConnectionPool(host='10.9.0.37', port=8800): Read timed out. (read timeout=180)"
2026-08-15T08:13:50,2,紅樓夢,bm-tslm-mixed-lr5e5-e0.9-0804,2.0,30,失敗,180.0,,/Users/miru/Documents/活動/台語TTS平台/聲音/測試聲音/Barbet_mix系列批次生成/紅樓夢/bm-tslm-mixed-lr5e5-e0.9-0804_CFG2.0_DIT30.wav,"HTTPConnectionPool(host='10.9.0.37', port=8800): Read timed out. (read timeout=180)"
2026-08-15T08:16:41,2,紅樓夢,bm-tslm-mixed-mixedval-e2.0-0804,2.0,30,成功,171.4,def9242974e14203844f6935e661eea9,/Users/miru/Documents/活動/台語TTS平台/聲音/測試聲音/Barbet_mix系列批次生成/紅樓夢/bm-tslm-mixed-mixedval-e2.0-0804_CFG2.0_DIT30.wav,
2026-08-15T08:18:32,2,新聞,bm-cent-mixed-e12-ep12-0810,2.0,30,成功,110.3,8f1a54c786a047f7bcbef9c4e3033eb9,/Users/miru/Documents/活動/台語TTS平台/聲音/測試聲音/Barbet_mix系列批次生成/新聞/bm-cent-mixed-e12-ep12-0810_CFG2.0_DIT30.wav,
2026-08-15T08:20:18,2,新聞,bm-tslm-mixed-e12-ep12-0811,2.0,30,成功,106.0,3559cc0eb6144811a024d07a6e1aec45,/Users/miru/Documents/活動/台語TTS平台/聲音/測試聲音/Barbet_mix系列批次生成/新聞/bm-tslm-mixed-e12-ep12-0811_CFG2.0_DIT30.wav,
2026-08-15T08:22:10,2,新聞,bm-tslm-mixed-lr5e5-e0.9-0804,2.0,30,成功,112.6,d010a334f5804993ad61d64fe3d1c9d8,/Users/miru/Documents/活動/台語TTS平台/聲音/測試聲音/Barbet_mix系列批次生成/新聞/bm-tslm-mixed-lr5e5-e0.9-0804_CFG2.0_DIT30.wav,
2026-08-15T08:25:10,2,新聞,bm-tslm-mixed-mixedval-e2.0-0804,2.0,30,失敗,180.0,,/Users/miru/Documents/活動/台語TTS平台/聲音/測試聲音/Barbet_mix系列批次生成/新聞/bm-tslm-mixed-mixedval-e2.0-0804_CFG2.0_DIT30.wav,"HTTPConnectionPool(host='10.9.0.37', port=8800): Read timed out. (read timeout=180)"
2026-08-15T08:27:11,2,紅樓夢,bm-tslm-mixed-lr5e5-e0.9-0804,2.0,30,成功,108.1,3708624f43f74b1faed620756b90a465,/Users/miru/Documents/活動/台語TTS平台/聲音/測試聲音/Barbet_mix系列批次生成/紅樓夢/bm-tslm-mixed-lr5e5-e0.9-0804_CFG2.0_DIT30.wav,
2026-08-15T08:28:47,2,新聞,bm-tslm-mixed-mixedval-e2.0-0804,2.0,30,成功,96.2,f97c4829c5aa4680b0331d2fbccba57d,/Users/miru/Documents/活動/台語TTS平台/聲音/測試聲音/Barbet_mix系列批次生成/新聞/bm-tslm-mixed-mixedval-e2.0-0804_CFG2.0_DIT30.wav,
2026-08-15T08:31:28,3,三國演義,bm-cent-mixed-e12-ep12-0810,1.0,10,成功,51.6,e8db691f65854baca868b6c25a21781e,/Users/miru/Documents/活動/台語TTS平台/聲音/測試聲音/Barbet_mix系列批次生成/三國演義/bm-cent-mixed-e12-ep12-0810_CFG1.0_DIT10.wav,
2026-08-15T08:32:19,3,三國演義,bm-tslm-mixed-e12-ep12-0811,1.0,10,成功,51.7,542dbfa0e059435380db94fc035d0731,/Users/miru/Documents/活動/台語TTS平台/聲音/測試聲音/Barbet_mix系列批次生成/三國演義/bm-tslm-mixed-e12-ep12-0811_CFG1.0_DIT10.wav,
2026-08-15T08:33:07,3,三國演義,bm-tslm-mixed-lr5e5-e0.9-0804,1.0,10,成功,47.4,502bfa08696d47078018712ffabb5d53,/Users/miru/Documents/活動/台語TTS平台/聲音/測試聲音/Barbet_mix系列批次生成/三國演義/bm-tslm-mixed-lr5e5-e0.9-0804_CFG1.0_DIT10.wav,
2026-08-15T08:33:52,3,三國演義,bm-tslm-mixed-mixedval-e2.0-0804,1.0,10,成功,45.1,0410ab836c4844069e673457b1c89aa0,/Users/miru/Documents/活動/台語TTS平台/聲音/測試聲音/Barbet_mix系列批次生成/三國演義/bm-tslm-mixed-mixedval-e2.0-0804_CFG1.0_DIT10.wav,
2026-08-15T08:34:37,3,紅樓夢,bm-cent-mixed-e12-ep12-0810,1.0,10,成功,44.8,dec97239f5794a2a9b56f835b9edf83b,/Users/miru/Documents/活動/台語TTS平台/聲音/測試聲音/Barbet_mix系列批次生成/紅樓夢/bm-cent-mixed-e12-ep12-0810_CFG1.0_DIT10.wav,
2026-08-15T08:35:28,3,紅樓夢,bm-tslm-mixed-e12-ep12-0811,1.0,10,成功,50.5,b0b4671877c84a9c8d9db3bd8d2ef68e,/Users/miru/Documents/活動/台語TTS平台/聲音/測試聲音/Barbet_mix系列批次生成/紅樓夢/bm-tslm-mixed-e12-ep12-0811_CFG1.0_DIT10.wav,
2026-08-15T08:38:28,3,紅樓夢,bm-tslm-mixed-lr5e5-e0.9-0804,1.0,10,失敗,180.0,,/Users/miru/Documents/活動/台語TTS平台/聲音/測試聲音/Barbet_mix系列批次生成/紅樓夢/bm-tslm-mixed-lr5e5-e0.9-0804_CFG1.0_DIT10.wav,"HTTPConnectionPool(host='10.9.0.37', port=8800): Read timed out. (read timeout=180)"
2026-08-15T08:39:59,3,紅樓夢,bm-tslm-mixed-mixedval-e2.0-0804,1.0,10,成功,91.7,06c31a95ebd940ee99ef7f67200cb43c,/Users/miru/Documents/活動/台語TTS平台/聲音/測試聲音/Barbet_mix系列批次生成/紅樓夢/bm-tslm-mixed-mixedval-e2.0-0804_CFG1.0_DIT10.wav,
2026-08-15T08:40:40,3,新聞,bm-cent-mixed-e12-ep12-0810,1.0,10,成功,40.7,b9bc68d267d44aecaf6048fe0abb69e4,/Users/miru/Documents/活動/台語TTS平台/聲音/測試聲音/Barbet_mix系列批次生成/新聞/bm-cent-mixed-e12-ep12-0810_CFG1.0_DIT10.wav,
2026-08-15T08:41:30,3,新聞,bm-tslm-mixed-e12-ep12-0811,1.0,10,成功,49.7,ed5d0027d2354652947256f50b235e43,/Users/miru/Documents/活動/台語TTS平台/聲音/測試聲音/Barbet_mix系列批次生成/新聞/bm-tslm-mixed-e12-ep12-0811_CFG1.0_DIT10.wav,
2026-08-15T08:44:30,3,新聞,bm-tslm-mixed-lr5e5-e0.9-0804,1.0,10,失敗,180.1,,/Users/miru/Documents/活動/台語TTS平台/聲音/測試聲音/Barbet_mix系列批次生成/新聞/bm-tslm-mixed-lr5e5-e0.9-0804_CFG1.0_DIT10.wav,"HTTPConnectionPool(host='10.9.0.37', port=8800): Read timed out. (read timeout=180)"
2026-08-15T08:46:08,3,新聞,bm-tslm-mixed-mixedval-e2.0-0804,1.0,10,成功,97.9,ec27021cded34a4081436376140c1a23,/Users/miru/Documents/活動/台語TTS平台/聲音/測試聲音/Barbet_mix系列批次生成/新聞/bm-tslm-mixed-mixedval-e2.0-0804_CFG1.0_DIT10.wav,
2026-08-15T08:46:55,3,三國演義,bm-cent-mixed-e12-ep12-0810,3.0,10,成功,46.2,dfce20c269da4e199c72c58958ed9b72,/Users/miru/Documents/活動/台語TTS平台/聲音/測試聲音/Barbet_mix系列批次生成/三國演義/bm-cent-mixed-e12-ep12-0810_CFG3.0_DIT10.wav,
2026-08-15T08:47:42,3,三國演義,bm-tslm-mixed-e12-ep12-0811,3.0,10,成功,46.9,5668a8d3c0f7489fbafac1168803efa6,/Users/miru/Documents/活動/台語TTS平台/聲音/測試聲音/Barbet_mix系列批次生成/三國演義/bm-tslm-mixed-e12-ep12-0811_CFG3.0_DIT10.wav,
2026-08-15T08:48:34,3,三國演義,bm-tslm-mixed-lr5e5-e0.9-0804,3.0,10,成功,52.0,bb6818326bc94fd8a8871df98618324e,/Users/miru/Documents/活動/台語TTS平台/聲音/測試聲音/Barbet_mix系列批次生成/三國演義/bm-tslm-mixed-lr5e5-e0.9-0804_CFG3.0_DIT10.wav,
2026-08-15T08:49:15,3,三國演義,bm-tslm-mixed-mixedval-e2.0-0804,3.0,10,成功,41.2,f630313bea604f10857b41bfbbbf72d4,/Users/miru/Documents/活動/台語TTS平台/聲音/測試聲音/Barbet_mix系列批次生成/三國演義/bm-tslm-mixed-mixedval-e2.0-0804_CFG3.0_DIT10.wav,
2026-08-15T08:49:53,3,紅樓夢,bm-cent-mixed-e12-ep12-0810,3.0,10,成功,37.6,73fdb5eefaee4e99830669a04d662d52,/Users/miru/Documents/活動/台語TTS平台/聲音/測試聲音/Barbet_mix系列批次生成/紅樓夢/bm-cent-mixed-e12-ep12-0810_CFG3.0_DIT10.wav,
2026-08-15T08:50:48,3,紅樓夢,bm-tslm-mixed-e12-ep12-0811,3.0,10,成功,55.6,bc57e42175e747ea85a28f135da926fa,/Users/miru/Documents/活動/台語TTS平台/聲音/測試聲音/Barbet_mix系列批次生成/紅樓夢/bm-tslm-mixed-e12-ep12-0811_CFG3.0_DIT10.wav,
2026-08-15T08:53:48,3,紅樓夢,bm-tslm-mixed-lr5e5-e0.9-0804,3.0,10,失敗,180.0,,/Users/miru/Documents/活動/台語TTS平台/聲音/測試聲音/Barbet_mix系列批次生成/紅樓夢/bm-tslm-mixed-lr5e5-e0.9-0804_CFG3.0_DIT10.wav,"HTTPConnectionPool(host='10.9.0.37', port=8800): Read timed out. (read timeout=180)"
2026-08-15T08:55:18,3,紅樓夢,bm-tslm-mixed-mixedval-e2.0-0804,3.0,10,成功,89.3,f2b87b81a43444c49d61845dc486c60f,/Users/miru/Documents/活動/台語TTS平台/聲音/測試聲音/Barbet_mix系列批次生成/紅樓夢/bm-tslm-mixed-mixedval-e2.0-0804_CFG3.0_DIT10.wav,
2026-08-15T08:56:02,3,新聞,bm-cent-mixed-e12-ep12-0810,3.0,10,成功,43.7,f08bf662fc634ab48ec12bce301d71c3,/Users/miru/Documents/活動/台語TTS平台/聲音/測試聲音/Barbet_mix系列批次生成/新聞/bm-cent-mixed-e12-ep12-0810_CFG3.0_DIT10.wav,
2026-08-15T08:56:48,3,新聞,bm-tslm-mixed-e12-ep12-0811,3.0,10,成功,46.2,e18e92eb34f84cf8b5819c07a7985d7c,/Users/miru/Documents/活動/台語TTS平台/聲音/測試聲音/Barbet_mix系列批次生成/新聞/bm-tslm-mixed-e12-ep12-0811_CFG3.0_DIT10.wav,
2026-08-15T08:57:39,3,新聞,bm-tslm-mixed-lr5e5-e0.9-0804,3.0,10,成功,51.0,91758500554849b1b0436ca87100e390,/Users/miru/Documents/活動/台語TTS平台/聲音/測試聲音/Barbet_mix系列批次生成/新聞/bm-tslm-mixed-lr5e5-e0.9-0804_CFG3.0_DIT10.wav,
2026-08-15T08:58:22,3,新聞,bm-tslm-mixed-mixedval-e2.0-0804,3.0,10,成功,43.1,eb4dc4e581d447d2b82ea60b6becedd9,/Users/miru/Documents/活動/台語TTS平台/聲音/測試聲音/Barbet_mix系列批次生成/新聞/bm-tslm-mixed-mixedval-e2.0-0804_CFG3.0_DIT10.wav,
2026-08-15T09:01:36,3,紅樓夢,bm-tslm-mixed-lr5e5-e0.9-0804,1.0,10,失敗,180.2,,/Users/miru/Documents/活動/台語TTS平台/聲音/測試聲音/Barbet_mix系列批次生成/紅樓夢/bm-tslm-mixed-lr5e5-e0.9-0804_CFG1.0_DIT10.wav,"HTTPConnectionPool(host='10.9.0.37', port=8800): Read timed out. (read timeout=180)"
2026-08-15T09:04:36,3,新聞,bm-tslm-mixed-lr5e5-e0.9-0804,1.0,10,失敗,180.0,,/Users/miru/Documents/活動/台語TTS平台/聲音/測試聲音/Barbet_mix系列批次生成/新聞/bm-tslm-mixed-lr5e5-e0.9-0804_CFG1.0_DIT10.wav,"HTTPConnectionPool(host='10.9.0.37', port=8800): Read timed out. (read timeout=180)"
2026-08-15T09:11:52,3,紅樓夢,bm-tslm-mixed-lr5e5-e0.9-0804,1.0,10,失敗,180.0,,/Users/miru/Documents/活動/台語TTS平台/聲音/測試聲音/Barbet_mix系列批次生成/紅樓夢/bm-tslm-mixed-lr5e5-e0.9-0804_CFG1.0_DIT10.wav,"HTTPConnectionPool(host='10.9.0.37', port=8800): Read timed out. (read timeout=180)"
2026-08-15T09:14:52,3,新聞,bm-tslm-mixed-lr5e5-e0.9-0804,1.0,10,失敗,180.0,,/Users/miru/Documents/活動/台語TTS平台/聲音/測試聲音/Barbet_mix系列批次生成/新聞/bm-tslm-mixed-lr5e5-e0.9-0804_CFG1.0_DIT10.wav,"HTTPConnectionPool(host='10.9.0.37', port=8800): Read timed out. (read timeout=180)"
2026-08-15T10:25:28,3,紅樓夢,bm-tslm-mixed-lr5e5-e0.9-0804,1.0,10,失敗,180.1,,/Users/miru/Documents/活動/台語TTS平台/聲音/測試聲音/Barbet_mix系列批次生成/紅樓夢/bm-tslm-mixed-lr5e5-e0.9-0804_CFG1.0_DIT10.wav,"HTTPConnectionPool(host='10.9.0.37', port=8800): Read timed out. (read timeout=180)"
2026-08-15T10:28:28,3,新聞,bm-tslm-mixed-lr5e5-e0.9-0804,1.0,10,失敗,180.0,,/Users/miru/Documents/活動/台語TTS平台/聲音/測試聲音/Barbet_mix系列批次生成/新聞/bm-tslm-mixed-lr5e5-e0.9-0804_CFG1.0_DIT10.wav,"HTTPConnectionPool(host='10.9.0.37', port=8800): Read timed out. (read timeout=180)"
2026-08-17T13:24:37,3,紅樓夢,bm-tslm-mixed-lr5e5-e0.9-0804,3.0,10,成功,52.9,bd3aa887641b435492d9ef4e062486ba,/Users/miru/Documents/活動/台語TTS平台/聲音/測試聲音/Barbet_mix系列批次生成/紅樓夢/bm-tslm-mixed-lr5e5-e0.9-0804_CFG3.0_DIT10.wav,
2026-08-17T13:32:29,4,三國演義,bm-cent-mixed-e12-ep12-0810,3.0,20,成功,63.4,82dd45c19e114abea1686da4566bb4bb,/Users/miru/Documents/活動/台語TTS平台/聲音/測試聲音/Barbet_mix系列批次生成/三國演義/bm-cent-mixed-e12-ep12-0810_CFG3.0_DIT20.wav,
2026-08-17T13:33:41,4,三國演義,bm-tslm-mixed-e12-ep12-0811,3.0,20,成功,71.6,d9f7495609584b19ab76afe7b710cee5,/Users/miru/Documents/活動/台語TTS平台/聲音/測試聲音/Barbet_mix系列批次生成/三國演義/bm-tslm-mixed-e12-ep12-0811_CFG3.0_DIT20.wav,
2026-08-17T13:34:54,4,三國演義,bm-tslm-mixed-lr5e5-e0.9-0804,3.0,20,成功,73.0,95ab533bfe58478fa01430923120aa7f,/Users/miru/Documents/活動/台語TTS平台/聲音/測試聲音/Barbet_mix系列批次生成/三國演義/bm-tslm-mixed-lr5e5-e0.9-0804_CFG3.0_DIT20.wav,
2026-08-17T13:35:59,4,三國演義,bm-tslm-mixed-mixedval-e2.0-0804,3.0,20,成功,65.1,6049ced533464fc8a45f3cb33642f201,/Users/miru/Documents/活動/台語TTS平台/聲音/測試聲音/Barbet_mix系列批次生成/三國演義/bm-tslm-mixed-mixedval-e2.0-0804_CFG3.0_DIT20.wav,
2026-08-17T13:37:08,4,紅樓夢,bm-cent-mixed-e12-ep12-0810,3.0,20,成功,69.3,6433ede5396445da9c2e895baa8a6b91,/Users/miru/Documents/活動/台語TTS平台/聲音/測試聲音/Barbet_mix系列批次生成/紅樓夢/bm-cent-mixed-e12-ep12-0810_CFG3.0_DIT20.wav,
2026-08-17T13:38:57,4,紅樓夢,bm-tslm-mixed-e12-ep12-0811,3.0,20,成功,108.4,3f5cd7d77c294e07a76a76897fe77f51,/Users/miru/Documents/活動/台語TTS平台/聲音/測試聲音/Barbet_mix系列批次生成/紅樓夢/bm-tslm-mixed-e12-ep12-0811_CFG3.0_DIT20.wav,
2026-08-17T13:40:12,4,紅樓夢,bm-tslm-mixed-lr5e5-e0.9-0804,3.0,20,成功,75.2,1b7285593d7d4674a9e9273c7de6f474,/Users/miru/Documents/活動/台語TTS平台/聲音/測試聲音/Barbet_mix系列批次生成/紅樓夢/bm-tslm-mixed-lr5e5-e0.9-0804_CFG3.0_DIT20.wav,
2026-08-17T13:41:26,4,紅樓夢,bm-tslm-mixed-mixedval-e2.0-0804,3.0,20,成功,74.0,14351d64897541aca29057885a7700bb,/Users/miru/Documents/活動/台語TTS平台/聲音/測試聲音/Barbet_mix系列批次生成/紅樓夢/bm-tslm-mixed-mixedval-e2.0-0804_CFG3.0_DIT20.wav,
2026-08-17T13:42:45,4,新聞,bm-cent-mixed-e12-ep12-0810,3.0,20,成功,78.1,3db38121b8c743de9e04375a31ae3e5c,/Users/miru/Documents/活動/台語TTS平台/聲音/測試聲音/Barbet_mix系列批次生成/新聞/bm-cent-mixed-e12-ep12-0810_CFG3.0_DIT20.wav,
2026-08-17T13:43:56,4,新聞,bm-tslm-mixed-e12-ep12-0811,3.0,20,成功,71.7,98bae8ea70a34dfdba3123658f790c48,/Users/miru/Documents/活動/台語TTS平台/聲音/測試聲音/Barbet_mix系列批次生成/新聞/bm-tslm-mixed-e12-ep12-0811_CFG3.0_DIT20.wav,
2026-08-17T13:45:11,4,新聞,bm-tslm-mixed-lr5e5-e0.9-0804,3.0,20,成功,74.3,6f309ba4fc25477eba9bfd6e5c550c70,/Users/miru/Documents/活動/台語TTS平台/聲音/測試聲音/Barbet_mix系列批次生成/新聞/bm-tslm-mixed-lr5e5-e0.9-0804_CFG3.0_DIT20.wav,
2026-08-17T13:46:28,4,新聞,bm-tslm-mixed-mixedval-e2.0-0804,3.0,20,成功,77.5,5a256b9287644e6ab0f9928929df55b3,/Users/miru/Documents/活動/台語TTS平台/聲音/測試聲音/Barbet_mix系列批次生成/新聞/bm-tslm-mixed-mixedval-e2.0-0804_CFG3.0_DIT20.wav,
2026-08-17T13:48:02,4,三國演義,bm-cent-mixed-e12-ep12-0810,3.0,30,成功,93.9,2cc22d370f9a45e3869fb1cdf7d2f0aa,/Users/miru/Documents/活動/台語TTS平台/聲音/測試聲音/Barbet_mix系列批次生成/三國演義/bm-cent-mixed-e12-ep12-0810_CFG3.0_DIT30.wav,
2026-08-17T13:49:48,4,三國演義,bm-tslm-mixed-e12-ep12-0811,3.0,30,成功,105.1,dc865fc04c074ee38326d1fc18fc52e8,/Users/miru/Documents/活動/台語TTS平台/聲音/測試聲音/Barbet_mix系列批次生成/三國演義/bm-tslm-mixed-e12-ep12-0811_CFG3.0_DIT30.wav,
2026-08-17T13:51:22,4,三國演義,bm-tslm-mixed-lr5e5-e0.9-0804,3.0,30,成功,94.1,d9b6b3c0a7ea4e14b8a6178f59182add,/Users/miru/Documents/活動/台語TTS平台/聲音/測試聲音/Barbet_mix系列批次生成/三國演義/bm-tslm-mixed-lr5e5-e0.9-0804_CFG3.0_DIT30.wav,
2026-08-17T13:52:59,4,三國演義,bm-tslm-mixed-mixedval-e2.0-0804,3.0,30,成功,96.8,edbac520064b48a8baa48cbf4f5f4378,/Users/miru/Documents/活動/台語TTS平台/聲音/測試聲音/Barbet_mix系列批次生成/三國演義/bm-tslm-mixed-mixedval-e2.0-0804_CFG3.0_DIT30.wav,
2026-08-17T13:54:48,4,紅樓夢,bm-cent-mixed-e12-ep12-0810,3.0,30,成功,109.1,213bb0ed450b4fb1ae75cf8e3c9ef90b,/Users/miru/Documents/活動/台語TTS平台/聲音/測試聲音/Barbet_mix系列批次生成/紅樓夢/bm-cent-mixed-e12-ep12-0810_CFG3.0_DIT30.wav,
2026-08-17T13:56:38,4,紅樓夢,bm-tslm-mixed-e12-ep12-0811,3.0,30,成功,110.1,7c47b72f76404582acc4c7b4f531b639,/Users/miru/Documents/活動/台語TTS平台/聲音/測試聲音/Barbet_mix系列批次生成/紅樓夢/bm-tslm-mixed-e12-ep12-0811_CFG3.0_DIT30.wav,
2026-08-17T13:58:30,4,紅樓夢,bm-tslm-mixed-lr5e5-e0.9-0804,3.0,30,成功,111.9,fba553efcfae4855a4f08125976c67db,/Users/miru/Documents/活動/台語TTS平台/聲音/測試聲音/Barbet_mix系列批次生成/紅樓夢/bm-tslm-mixed-lr5e5-e0.9-0804_CFG3.0_DIT30.wav,
2026-08-17T14:01:30,4,紅樓夢,bm-tslm-mixed-mixedval-e2.0-0804,3.0,30,失敗,180.1,,/Users/miru/Documents/活動/台語TTS平台/聲音/測試聲音/Barbet_mix系列批次生成/紅樓夢/bm-tslm-mixed-mixedval-e2.0-0804_CFG3.0_DIT30.wav,"HTTPConnectionPool(host='10.9.0.37', port=8800): Read timed out. (read timeout=180)"
2026-08-17T14:03:43,4,新聞,bm-cent-mixed-e12-ep12-0810,3.0,30,成功,132.4,e8131392653f4b26b8b3fadefcf04a3f,/Users/miru/Documents/活動/台語TTS平台/聲音/測試聲音/Barbet_mix系列批次生成/新聞/bm-cent-mixed-e12-ep12-0810_CFG3.0_DIT30.wav,
2026-08-17T14:05:24,4,新聞,bm-tslm-mixed-e12-ep12-0811,3.0,30,成功,101.2,56de4e02e01044328b8cd51f306c0d8a,/Users/miru/Documents/活動/台語TTS平台/聲音/測試聲音/Barbet_mix系列批次生成/新聞/bm-tslm-mixed-e12-ep12-0811_CFG3.0_DIT30.wav,
2026-08-17T14:07:22,4,新聞,bm-tslm-mixed-lr5e5-e0.9-0804,3.0,30,成功,117.7,eb359f7d89b8486197270de4c804d5ff,/Users/miru/Documents/活動/台語TTS平台/聲音/測試聲音/Barbet_mix系列批次生成/新聞/bm-tslm-mixed-lr5e5-e0.9-0804_CFG3.0_DIT30.wav,
2026-08-17T14:09:08,4,新聞,bm-tslm-mixed-mixedval-e2.0-0804,3.0,30,成功,105.6,acbba59a95c847d58523e000994c644a,/Users/miru/Documents/活動/台語TTS平台/聲音/測試聲音/Barbet_mix系列批次生成/新聞/bm-tslm-mixed-mixedval-e2.0-0804_CFG3.0_DIT30.wav,
2026-08-17T14:10:51,4,紅樓夢,bm-tslm-mixed-mixedval-e2.0-0804,3.0,30,成功,89.0,ad761f5af0b24adda6a900acce59c82b,/Users/miru/Documents/活動/台語TTS平台/聲音/測試聲音/Barbet_mix系列批次生成/紅樓夢/bm-tslm-mixed-mixedval-e2.0-0804_CFG3.0_DIT30.wav,
2026-08-17T22:47:51,1,三國演義台語,bm-cent-mixed-e12-ep12-0810,2.0,10,成功,45.7,c4af029f54674a29b0fb8f5ea9b05e0a,/Users/miru/Documents/活動/台語TTS平台/聲音/測試聲音/Barbet_mix系列批次生成/三國演義台語/bm-cent-mixed-e12-ep12-0810_CFG2.0_DIT10.wav,
2026-08-17T22:48:39,1,三國演義台語,bm-tslm-mixed-e12-ep12-0811,2.0,10,成功,48.5,5740aac23cbd41e3b49f075bc2d1ab63,/Users/miru/Documents/活動/台語TTS平台/聲音/測試聲音/Barbet_mix系列批次生成/三國演義台語/bm-tslm-mixed-e12-ep12-0811_CFG2.0_DIT10.wav,
2026-08-17T22:49:20,1,三國演義台語,bm-tslm-mixed-lr5e5-e0.9-0804,2.0,10,成功,41.0,43ab60a688a345eda4d22b647e7fc9b2,/Users/miru/Documents/活動/台語TTS平台/聲音/測試聲音/Barbet_mix系列批次生成/三國演義台語/bm-tslm-mixed-lr5e5-e0.9-0804_CFG2.0_DIT10.wav,
2026-08-17T22:50:02,1,三國演義台語,bm-tslm-mixed-mixedval-e2.0-0804,2.0,10,成功,41.3,a18e3b45d0b04f69abe7b4e6ecea97b2,/Users/miru/Documents/活動/台語TTS平台/聲音/測試聲音/Barbet_mix系列批次生成/三國演義台語/bm-tslm-mixed-mixedval-e2.0-0804_CFG2.0_DIT10.wav,
2026-08-17T22:50:44,1,紅樓夢台語,bm-cent-mixed-e12-ep12-0810,2.0,10,成功,42.0,2e6e9408e15042ce9cfcf5098cb3a827,/Users/miru/Documents/活動/台語TTS平台/聲音/測試聲音/Barbet_mix系列批次生成/紅樓夢台語/bm-cent-mixed-e12-ep12-0810_CFG2.0_DIT10.wav,
2026-08-17T22:51:34,1,紅樓夢台語,bm-tslm-mixed-e12-ep12-0811,2.0,10,成功,49.6,0bf2cca3843245c9bf31f02a226271e7,/Users/miru/Documents/活動/台語TTS平台/聲音/測試聲音/Barbet_mix系列批次生成/紅樓夢台語/bm-tslm-mixed-e12-ep12-0811_CFG2.0_DIT10.wav,
2026-08-17T22:52:27,1,紅樓夢台語,bm-tslm-mixed-lr5e5-e0.9-0804,2.0,10,成功,53.0,8c818d080693457a9a16c78d439b2d50,/Users/miru/Documents/活動/台語TTS平台/聲音/測試聲音/Barbet_mix系列批次生成/紅樓夢台語/bm-tslm-mixed-lr5e5-e0.9-0804_CFG2.0_DIT10.wav,
2026-08-17T22:53:10,1,紅樓夢台語,bm-tslm-mixed-mixedval-e2.0-0804,2.0,10,成功,43.4,a52a8e30a7b14430ad22330948d9030a,/Users/miru/Documents/活動/台語TTS平台/聲音/測試聲音/Barbet_mix系列批次生成/紅樓夢台語/bm-tslm-mixed-mixedval-e2.0-0804_CFG2.0_DIT10.wav,
2026-08-17T22:53:55,1,氣象台語,bm-cent-mixed-e12-ep12-0810,2.0,10,成功,44.9,5dbfa1ab609f4e23872afc50dcd21607,/Users/miru/Documents/活動/台語TTS平台/聲音/測試聲音/Barbet_mix系列批次生成/氣象台語/bm-cent-mixed-e12-ep12-0810_CFG2.0_DIT10.wav,
2026-08-17T22:54:42,1,氣象台語,bm-tslm-mixed-e12-ep12-0811,2.0,10,成功,46.9,d3c3b12ff1c44f5a9f4910141dc0b41f,/Users/miru/Documents/活動/台語TTS平台/聲音/測試聲音/Barbet_mix系列批次生成/氣象台語/bm-tslm-mixed-e12-ep12-0811_CFG2.0_DIT10.wav,
2026-08-17T22:55:21,1,氣象台語,bm-tslm-mixed-lr5e5-e0.9-0804,2.0,10,成功,39.0,8a4684c746f84e80ac2bf31109ef5478,/Users/miru/Documents/活動/台語TTS平台/聲音/測試聲音/Barbet_mix系列批次生成/氣象台語/bm-tslm-mixed-lr5e5-e0.9-0804_CFG2.0_DIT10.wav,
2026-08-17T22:56:06,1,氣象台語,bm-tslm-mixed-mixedval-e2.0-0804,2.0,10,成功,44.4,f641ea4ef0874e389db363c1ff5059a6,/Users/miru/Documents/活動/台語TTS平台/聲音/測試聲音/Barbet_mix系列批次生成/氣象台語/bm-tslm-mixed-mixedval-e2.0-0804_CFG2.0_DIT10.wav,
2026-08-17T23:13:21,2,三國演義台語,bm-cent-mixed-e12-ep12-0810,2.0,20,成功,69.4,61a10baf44124976bd41e4721c38f92c,/Users/miru/Documents/活動/台語TTS平台/聲音/測試聲音/Barbet_mix系列批次生成/三國演義台語/bm-cent-mixed-e12-ep12-0810_CFG2.0_DIT20.wav,
2026-08-17T23:14:32,2,三國演義台語,bm-tslm-mixed-e12-ep12-0811,2.0,20,成功,71.1,1ec75a4473ca4970880b33e7a24c29f0,/Users/miru/Documents/活動/台語TTS平台/聲音/測試聲音/Barbet_mix系列批次生成/三國演義台語/bm-tslm-mixed-e12-ep12-0811_CFG2.0_DIT20.wav,
2026-08-17T23:16:27,2,三國演義台語,bm-tslm-mixed-lr5e5-e0.9-0804,2.0,20,成功,115.3,5fad9c8a60b04cc8b5463bb1e279b75c,/Users/miru/Documents/活動/台語TTS平台/聲音/測試聲音/Barbet_mix系列批次生成/三國演義台語/bm-tslm-mixed-lr5e5-e0.9-0804_CFG2.0_DIT20.wav,
2026-08-17T23:17:37,2,三國演義台語,bm-tslm-mixed-mixedval-e2.0-0804,2.0,20,成功,70.0,8fdd7f38c8ed493e9a3b9ed899404b04,/Users/miru/Documents/活動/台語TTS平台/聲音/測試聲音/Barbet_mix系列批次生成/三國演義台語/bm-tslm-mixed-mixedval-e2.0-0804_CFG2.0_DIT20.wav,
2026-08-17T23:18:49,2,紅樓夢台語,bm-cent-mixed-e12-ep12-0810,2.0,20,成功,72.1,c6c978e59b1d4c8e9fcf042089f4d881,/Users/miru/Documents/活動/台語TTS平台/聲音/測試聲音/Barbet_mix系列批次生成/紅樓夢台語/bm-cent-mixed-e12-ep12-0810_CFG2.0_DIT20.wav,
2026-08-17T23:19:59,2,紅樓夢台語,bm-tslm-mixed-e12-ep12-0811,2.0,20,成功,69.1,f32e7b05faf5434fada7a7ffc96bc1aa,/Users/miru/Documents/活動/台語TTS平台/聲音/測試聲音/Barbet_mix系列批次生成/紅樓夢台語/bm-tslm-mixed-e12-ep12-0811_CFG2.0_DIT20.wav,
2026-08-17T23:22:59,2,紅樓夢台語,bm-tslm-mixed-lr5e5-e0.9-0804,2.0,20,失敗,180.0,,/Users/miru/Documents/活動/台語TTS平台/聲音/測試聲音/Barbet_mix系列批次生成/紅樓夢台語/bm-tslm-mixed-lr5e5-e0.9-0804_CFG2.0_DIT20.wav,"HTTPConnectionPool(host='10.9.0.37', port=8800): Read timed out. (read timeout=180)"
2026-08-17T23:24:59,2,紅樓夢台語,bm-tslm-mixed-mixedval-e2.0-0804,2.0,20,失敗,120.1,,/Users/miru/Documents/活動/台語TTS平台/聲音/測試聲音/Barbet_mix系列批次生成/紅樓夢台語/bm-tslm-mixed-mixedval-e2.0-0804_CFG2.0_DIT20.wav,503 Server Error: Service Unavailable for url: http://10.9.0.37:8800/api/v1/synthesize
2026-08-18T00:11:47,2,紅樓夢台語,bm-tslm-mixed-lr5e5-e0.9-0804,2.0,20,成功,60.8,471f3f1b13864b249ad7cd2f5bb55acd,/Users/miru/Documents/活動/台語TTS平台/聲音/測試聲音/Barbet_mix系列批次生成/紅樓夢台語/bm-tslm-mixed-lr5e5-e0.9-0804_CFG2.0_DIT20.wav,
2026-08-18T00:12:54,2,紅樓夢台語,bm-tslm-mixed-mixedval-e2.0-0804,2.0,20,成功,67.7,ce84295b1a4b439d934e9077e6161c30,/Users/miru/Documents/活動/台語TTS平台/聲音/測試聲音/Barbet_mix系列批次生成/紅樓夢台語/bm-tslm-mixed-mixedval-e2.0-0804_CFG2.0_DIT20.wav,
2026-08-18T00:14:01,2,氣象台語,bm-cent-mixed-e12-ep12-0810,2.0,20,成功,66.0,6373f6c788054dbe855eb510e456e5a7,/Users/miru/Documents/活動/台語TTS平台/聲音/測試聲音/Barbet_mix系列批次生成/氣象台語/bm-cent-mixed-e12-ep12-0810_CFG2.0_DIT20.wav,
2026-08-18T00:15:31,2,氣象台語,bm-tslm-mixed-e12-ep12-0811,2.0,20,成功,89.9,375fae2f0c614392bb41b335a95a3e22,/Users/miru/Documents/活動/台語TTS平台/聲音/測試聲音/Barbet_mix系列批次生成/氣象台語/bm-tslm-mixed-e12-ep12-0811_CFG2.0_DIT20.wav,
2026-08-18T00:18:31,2,氣象台語,bm-tslm-mixed-lr5e5-e0.9-0804,2.0,20,失敗,180.0,,/Users/miru/Documents/活動/台語TTS平台/聲音/測試聲音/Barbet_mix系列批次生成/氣象台語/bm-tslm-mixed-lr5e5-e0.9-0804_CFG2.0_DIT20.wav,"HTTPConnectionPool(host='10.9.0.37', port=8800): Read timed out. (read timeout=180)"
2026-08-18T00:20:31,2,氣象台語,bm-tslm-mixed-mixedval-e2.0-0804,2.0,20,失敗,120.1,,/Users/miru/Documents/活動/台語TTS平台/聲音/測試聲音/Barbet_mix系列批次生成/氣象台語/bm-tslm-mixed-mixedval-e2.0-0804_CFG2.0_DIT20.wav,503 Server Error: Service Unavailable for url: http://10.9.0.37:8800/api/v1/synthesize
2026-08-18T00:25:37,2,氣象台語,bm-tslm-mixed-lr5e5-e0.9-0804,2.0,20,成功,84.4,5d89ac8122854e609657b9d5da7198fc,/Users/miru/Documents/活動/台語TTS平台/聲音/測試聲音/Barbet_mix系列批次生成/氣象台語/bm-tslm-mixed-lr5e5-e0.9-0804_CFG2.0_DIT20.wav,
2026-08-18T00:26:52,2,氣象台語,bm-tslm-mixed-mixedval-e2.0-0804,2.0,20,成功,74.8,28b00d0c03c545e082a6e2460bbe6de9,/Users/miru/Documents/活動/台語TTS平台/聲音/測試聲音/Barbet_mix系列批次生成/氣象台語/bm-tslm-mixed-mixedval-e2.0-0804_CFG2.0_DIT20.wav,
2026-08-18T00:28:22,2,三國演義台語,bm-cent-mixed-e12-ep12-0810,2.0,30,成功,90.1,f4b2d1a89d6e4c289d5b969f35306b2e,/Users/miru/Documents/活動/台語TTS平台/聲音/測試聲音/Barbet_mix系列批次生成/三國演義台語/bm-cent-mixed-e12-ep12-0810_CFG2.0_DIT30.wav,
2026-08-18T00:30:00,2,三國演義台語,bm-tslm-mixed-e12-ep12-0811,2.0,30,成功,97.5,ce9d9faf5bd64524a9f239e4300f7a80,/Users/miru/Documents/活動/台語TTS平台/聲音/測試聲音/Barbet_mix系列批次生成/三國演義台語/bm-tslm-mixed-e12-ep12-0811_CFG2.0_DIT30.wav,
2026-08-18T00:31:20,2,三國演義台語,bm-tslm-mixed-lr5e5-e0.9-0804,2.0,30,成功,80.2,5963812307914c69b1e23c4f10fc2ce0,/Users/miru/Documents/活動/台語TTS平台/聲音/測試聲音/Barbet_mix系列批次生成/三國演義台語/bm-tslm-mixed-lr5e5-e0.9-0804_CFG2.0_DIT30.wav,
2026-08-18T00:32:55,2,三國演義台語,bm-tslm-mixed-mixedval-e2.0-0804,2.0,30,成功,94.5,ac335bd339904afc8117bad9aec0a0c4,/Users/miru/Documents/活動/台語TTS平台/聲音/測試聲音/Barbet_mix系列批次生成/三國演義台語/bm-tslm-mixed-mixedval-e2.0-0804_CFG2.0_DIT30.wav,
2026-08-18T00:34:22,2,紅樓夢台語,bm-cent-mixed-e12-ep12-0810,2.0,30,成功,86.7,312b37dbcf32447a8fc88529804b2251,/Users/miru/Documents/活動/台語TTS平台/聲音/測試聲音/Barbet_mix系列批次生成/紅樓夢台語/bm-cent-mixed-e12-ep12-0810_CFG2.0_DIT30.wav,
2026-08-18T00:36:24,2,紅樓夢台語,bm-tslm-mixed-e12-ep12-0811,2.0,30,成功,121.6,36f9be8ca10a492094bf1f2f815880bf,/Users/miru/Documents/活動/台語TTS平台/聲音/測試聲音/Barbet_mix系列批次生成/紅樓夢台語/bm-tslm-mixed-e12-ep12-0811_CFG2.0_DIT30.wav,
2026-08-18T00:38:54,2,紅樓夢台語,bm-tslm-mixed-lr5e5-e0.9-0804,2.0,30,成功,150.9,435e322388424bf5b5487fe1848e9e42,/Users/miru/Documents/活動/台語TTS平台/聲音/測試聲音/Barbet_mix系列批次生成/紅樓夢台語/bm-tslm-mixed-lr5e5-e0.9-0804_CFG2.0_DIT30.wav,
2026-08-18T00:40:36,2,紅樓夢台語,bm-tslm-mixed-mixedval-e2.0-0804,2.0,30,成功,101.0,0d21fab06eac4c82a6a76b44c38f922f,/Users/miru/Documents/活動/台語TTS平台/聲音/測試聲音/Barbet_mix系列批次生成/紅樓夢台語/bm-tslm-mixed-mixedval-e2.0-0804_CFG2.0_DIT30.wav,
2026-08-18T00:41:59,2,氣象台語,bm-cent-mixed-e12-ep12-0810,2.0,30,成功,83.6,d1df301ff1134acfa380d071af274a52,/Users/miru/Documents/活動/台語TTS平台/聲音/測試聲音/Barbet_mix系列批次生成/氣象台語/bm-cent-mixed-e12-ep12-0810_CFG2.0_DIT30.wav,
2026-08-18T00:43:52,2,氣象台語,bm-tslm-mixed-e12-ep12-0811,2.0,30,成功,112.8,26d0226dc125488cb71ea2e6c6b1c5c8,/Users/miru/Documents/活動/台語TTS平台/聲音/測試聲音/Barbet_mix系列批次生成/氣象台語/bm-tslm-mixed-e12-ep12-0811_CFG2.0_DIT30.wav,
2026-08-18T00:45:48,2,氣象台語,bm-tslm-mixed-lr5e5-e0.9-0804,2.0,30,成功,116.2,be0e2ab7109941db902d8901d97ba9b8,/Users/miru/Documents/活動/台語TTS平台/聲音/測試聲音/Barbet_mix系列批次生成/氣象台語/bm-tslm-mixed-lr5e5-e0.9-0804_CFG2.0_DIT30.wav,
2026-08-18T00:47:36,2,氣象台語,bm-tslm-mixed-mixedval-e2.0-0804,2.0,30,成功,107.4,454262ab3bc741eb82458cefd8527a4d,/Users/miru/Documents/活動/台語TTS平台/聲音/測試聲音/Barbet_mix系列批次生成/氣象台語/bm-tslm-mixed-mixedval-e2.0-0804_CFG2.0_DIT30.wav,
2026-08-18T02:08:57,3,三國演義台語,bm-cent-mixed-e12-ep12-0810,3.0,10,成功,40.5,dcde6fcfe73c46afa305a903373ce403,/Users/miru/Documents/活動/台語TTS平台/聲音/測試聲音/Barbet_mix系列批次生成/三國演義台語/bm-cent-mixed-e12-ep12-0810_CFG3.0_DIT10.wav,
2026-08-18T02:09:37,3,三國演義台語,bm-tslm-mixed-e12-ep12-0811,3.0,10,成功,40.5,1e2f4245801c47f5b68c1c75e48446f2,/Users/miru/Documents/活動/台語TTS平台/聲音/測試聲音/Barbet_mix系列批次生成/三國演義台語/bm-tslm-mixed-e12-ep12-0811_CFG3.0_DIT10.wav,
2026-08-18T02:10:22,3,三國演義台語,bm-tslm-mixed-lr5e5-e0.9-0804,3.0,10,成功,44.0,9da32aa4178d4ec189c2e525921e48f6,/Users/miru/Documents/活動/台語TTS平台/聲音/測試聲音/Barbet_mix系列批次生成/三國演義台語/bm-tslm-mixed-lr5e5-e0.9-0804_CFG3.0_DIT10.wav,
2026-08-18T02:11:03,3,三國演義台語,bm-tslm-mixed-mixedval-e2.0-0804,3.0,10,成功,41.7,8e2bb03bd5054fa891cd05b6e3041a91,/Users/miru/Documents/活動/台語TTS平台/聲音/測試聲音/Barbet_mix系列批次生成/三國演義台語/bm-tslm-mixed-mixedval-e2.0-0804_CFG3.0_DIT10.wav,
2026-08-18T02:11:50,3,紅樓夢台語,bm-cent-mixed-e12-ep12-0810,3.0,10,成功,46.6,b0946d87731d437d9c3a7769dccb50d2,/Users/miru/Documents/活動/台語TTS平台/聲音/測試聲音/Barbet_mix系列批次生成/紅樓夢台語/bm-cent-mixed-e12-ep12-0810_CFG3.0_DIT10.wav,
2026-08-18T02:12:34,3,紅樓夢台語,bm-tslm-mixed-e12-ep12-0811,3.0,10,成功,44.2,ce82c4efa7094a33a81e9c3b956e9c5f,/Users/miru/Documents/活動/台語TTS平台/聲音/測試聲音/Barbet_mix系列批次生成/紅樓夢台語/bm-tslm-mixed-e12-ep12-0811_CFG3.0_DIT10.wav,
2026-08-18T02:13:13,3,紅樓夢台語,bm-tslm-mixed-lr5e5-e0.9-0804,3.0,10,成功,39.2,52efe3913bcc4e618c89f538a30e81a7,/Users/miru/Documents/活動/台語TTS平台/聲音/測試聲音/Barbet_mix系列批次生成/紅樓夢台語/bm-tslm-mixed-lr5e5-e0.9-0804_CFG3.0_DIT10.wav,
2026-08-18T02:13:57,3,紅樓夢台語,bm-tslm-mixed-mixedval-e2.0-0804,3.0,10,成功,43.4,ac8b58c8df2b4fbea12af797214f2855,/Users/miru/Documents/活動/台語TTS平台/聲音/測試聲音/Barbet_mix系列批次生成/紅樓夢台語/bm-tslm-mixed-mixedval-e2.0-0804_CFG3.0_DIT10.wav,
2026-08-18T02:14:34,3,氣象台語,bm-cent-mixed-e12-ep12-0810,3.0,10,成功,37.1,4984635d81284a7d9fde4d4154ca7c0f,/Users/miru/Documents/活動/台語TTS平台/聲音/測試聲音/Barbet_mix系列批次生成/氣象台語/bm-cent-mixed-e12-ep12-0810_CFG3.0_DIT10.wav,
2026-08-18T02:15:23,3,氣象台語,bm-tslm-mixed-e12-ep12-0811,3.0,10,成功,48.4,bf4d1b09af5246a0a5d965242fd305b9,/Users/miru/Documents/活動/台語TTS平台/聲音/測試聲音/Barbet_mix系列批次生成/氣象台語/bm-tslm-mixed-e12-ep12-0811_CFG3.0_DIT10.wav,
2026-08-18T02:16:01,3,氣象台語,bm-tslm-mixed-lr5e5-e0.9-0804,3.0,10,成功,38.8,bc62b33b46a440d6983549534579bdcb,/Users/miru/Documents/活動/台語TTS平台/聲音/測試聲音/Barbet_mix系列批次生成/氣象台語/bm-tslm-mixed-lr5e5-e0.9-0804_CFG3.0_DIT10.wav,
2026-08-18T02:16:45,3,氣象台語,bm-tslm-mixed-mixedval-e2.0-0804,3.0,10,成功,43.8,5c63b42a408349068d1f59dcdb68dd23,/Users/miru/Documents/活動/台語TTS平台/聲音/測試聲音/Barbet_mix系列批次生成/氣象台語/bm-tslm-mixed-mixedval-e2.0-0804_CFG3.0_DIT10.wav,
2026-08-18T10:01:46,4,三國演義台語,bm-cent-mixed-e12-ep12-0810,3.0,20,成功,56.5,d8804166174d4e48805b349dd2d5d427,/Users/miru/Documents/活動/台語TTS平台/聲音/測試聲音/Barbet_mix系列批次生成/三國演義台語/bm-cent-mixed-e12-ep12-0810_CFG3.0_DIT20.wav,
2026-08-18T10:02:53,4,三國演義台語,bm-tslm-mixed-e12-ep12-0811,3.0,20,成功,67.4,5e7b43e55e394f4eb37fe9ecf54670fd,/Users/miru/Documents/活動/台語TTS平台/聲音/測試聲音/Barbet_mix系列批次生成/三國演義台語/bm-tslm-mixed-e12-ep12-0811_CFG3.0_DIT20.wav,
2026-08-18T10:04:08,4,三國演義台語,bm-tslm-mixed-lr5e5-e0.9-0804,3.0,20,成功,74.2,18a56fd46b7c463c881f74c8c364c52e,/Users/miru/Documents/活動/台語TTS平台/聲音/測試聲音/Barbet_mix系列批次生成/三國演義台語/bm-tslm-mixed-lr5e5-e0.9-0804_CFG3.0_DIT20.wav,
2026-08-18T10:05:11,4,三國演義台語,bm-tslm-mixed-mixedval-e2.0-0804,3.0,20,成功,63.6,3a5fbd9689b8465db43a3d28e78484e6,/Users/miru/Documents/活動/台語TTS平台/聲音/測試聲音/Barbet_mix系列批次生成/三國演義台語/bm-tslm-mixed-mixedval-e2.0-0804_CFG3.0_DIT20.wav,
2026-08-18T10:06:22,4,紅樓夢台語,bm-cent-mixed-e12-ep12-0810,3.0,20,成功,70.3,09bfcbe1295e4755a881893a8e0721c3,/Users/miru/Documents/活動/台語TTS平台/聲音/測試聲音/Barbet_mix系列批次生成/紅樓夢台語/bm-cent-mixed-e12-ep12-0810_CFG3.0_DIT20.wav,
2026-08-18T10:07:26,4,紅樓夢台語,bm-tslm-mixed-e12-ep12-0811,3.0,20,成功,64.2,6f66b7a4edd24f5487cfe3b3eb607502,/Users/miru/Documents/活動/台語TTS平台/聲音/測試聲音/Barbet_mix系列批次生成/紅樓夢台語/bm-tslm-mixed-e12-ep12-0811_CFG3.0_DIT20.wav,
2026-08-18T10:08:42,4,紅樓夢台語,bm-tslm-mixed-lr5e5-e0.9-0804,3.0,20,成功,75.8,7101ef5d60814db2ba970b995cf2e9d0,/Users/miru/Documents/活動/台語TTS平台/聲音/測試聲音/Barbet_mix系列批次生成/紅樓夢台語/bm-tslm-mixed-lr5e5-e0.9-0804_CFG3.0_DIT20.wav,
2026-08-18T10:09:47,4,紅樓夢台語,bm-tslm-mixed-mixedval-e2.0-0804,3.0,20,成功,65.4,13d7f7a69f1d4676b0fa34a90dab2d62,/Users/miru/Documents/活動/台語TTS平台/聲音/測試聲音/Barbet_mix系列批次生成/紅樓夢台語/bm-tslm-mixed-mixedval-e2.0-0804_CFG3.0_DIT20.wav,
2026-08-18T10:10:49,4,氣象台語,bm-cent-mixed-e12-ep12-0810,3.0,20,成功,61.0,bda37ff233384b74b17056f50e25ae9b,/Users/miru/Documents/活動/台語TTS平台/聲音/測試聲音/Barbet_mix系列批次生成/氣象台語/bm-cent-mixed-e12-ep12-0810_CFG3.0_DIT20.wav,
2026-08-18T10:12:20,4,氣象台語,bm-tslm-mixed-e12-ep12-0811,3.0,20,成功,91.1,6076bc21dded44e8adbc56736d994518,/Users/miru/Documents/活動/台語TTS平台/聲音/測試聲音/Barbet_mix系列批次生成/氣象台語/bm-tslm-mixed-e12-ep12-0811_CFG3.0_DIT20.wav,
2026-08-18T10:13:23,4,氣象台語,bm-tslm-mixed-lr5e5-e0.9-0804,3.0,20,成功,63.6,5b02df579edf4941b58c2a988184262e,/Users/miru/Documents/活動/台語TTS平台/聲音/測試聲音/Barbet_mix系列批次生成/氣象台語/bm-tslm-mixed-lr5e5-e0.9-0804_CFG3.0_DIT20.wav,
2026-08-18T10:14:40,4,氣象台語,bm-tslm-mixed-mixedval-e2.0-0804,3.0,20,成功,76.2,6575f79d4a014d52a0738dd2aa9d2871,/Users/miru/Documents/活動/台語TTS平台/聲音/測試聲音/Barbet_mix系列批次生成/氣象台語/bm-tslm-mixed-mixedval-e2.0-0804_CFG3.0_DIT20.wav,
2026-08-18T10:15:56,4,三國演義台語,bm-cent-mixed-e12-ep12-0810,3.0,30,成功,75.9,a070fec3227c4e2bace55b380fa47a56,/Users/miru/Documents/活動/台語TTS平台/聲音/測試聲音/Barbet_mix系列批次生成/三國演義台語/bm-cent-mixed-e12-ep12-0810_CFG3.0_DIT30.wav,
2026-08-18T10:17:28,4,三國演義台語,bm-tslm-mixed-e12-ep12-0811,3.0,30,成功,92.0,68fee489443b43caae09f418de686625,/Users/miru/Documents/活動/台語TTS平台/聲音/測試聲音/Barbet_mix系列批次生成/三國演義台語/bm-tslm-mixed-e12-ep12-0811_CFG3.0_DIT30.wav,
2026-08-18T10:19:02,4,三國演義台語,bm-tslm-mixed-lr5e5-e0.9-0804,3.0,30,成功,94.2,662c2777d45c4ef888f3fa241203c1fb,/Users/miru/Documents/活動/台語TTS平台/聲音/測試聲音/Barbet_mix系列批次生成/三國演義台語/bm-tslm-mixed-lr5e5-e0.9-0804_CFG3.0_DIT30.wav,
2026-08-18T10:20:38,4,三國演義台語,bm-tslm-mixed-mixedval-e2.0-0804,3.0,30,成功,96.0,ef3125b9516e4749b171a2fb67281c95,/Users/miru/Documents/活動/台語TTS平台/聲音/測試聲音/Barbet_mix系列批次生成/三國演義台語/bm-tslm-mixed-mixedval-e2.0-0804_CFG3.0_DIT30.wav,
2026-08-18T10:21:53,4,紅樓夢台語,bm-cent-mixed-e12-ep12-0810,3.0,30,成功,74.5,5b7be2161eae4930bdb2d789e8d0c719,/Users/miru/Documents/活動/台語TTS平台/聲音/測試聲音/Barbet_mix系列批次生成/紅樓夢台語/bm-cent-mixed-e12-ep12-0810_CFG3.0_DIT30.wav,
2026-08-18T10:23:27,4,紅樓夢台語,bm-tslm-mixed-e12-ep12-0811,3.0,30,成功,93.8,39c9caf0640e4aa5b2be3656e849822b,/Users/miru/Documents/活動/台語TTS平台/聲音/測試聲音/Barbet_mix系列批次生成/紅樓夢台語/bm-tslm-mixed-e12-ep12-0811_CFG3.0_DIT30.wav,
2026-08-18T10:24:56,4,紅樓夢台語,bm-tslm-mixed-lr5e5-e0.9-0804,3.0,30,成功,89.1,9f01ce7e779f4fb8b107f011be66db04,/Users/miru/Documents/活動/台語TTS平台/聲音/測試聲音/Barbet_mix系列批次生成/紅樓夢台語/bm-tslm-mixed-lr5e5-e0.9-0804_CFG3.0_DIT30.wav,
2026-08-18T10:26:10,4,紅樓夢台語,bm-tslm-mixed-mixedval-e2.0-0804,3.0,30,成功,73.9,fda6d2da292242028e9cd3979d6c0cbd,/Users/miru/Documents/活動/台語TTS平台/聲音/測試聲音/Barbet_mix系列批次生成/紅樓夢台語/bm-tslm-mixed-mixedval-e2.0-0804_CFG3.0_DIT30.wav,
2026-08-18T10:27:34,4,氣象台語,bm-cent-mixed-e12-ep12-0810,3.0,30,成功,83.7,8c9d1fe17b6649fa996418c2dd14b04d,/Users/miru/Documents/活動/台語TTS平台/聲音/測試聲音/Barbet_mix系列批次生成/氣象台語/bm-cent-mixed-e12-ep12-0810_CFG3.0_DIT30.wav,
2026-08-18T10:29:21,4,氣象台語,bm-tslm-mixed-e12-ep12-0811,3.0,30,成功,106.8,862d8b5a23ce43fb8bb66afec6c42e5b,/Users/miru/Documents/活動/台語TTS平台/聲音/測試聲音/Barbet_mix系列批次生成/氣象台語/bm-tslm-mixed-e12-ep12-0811_CFG3.0_DIT30.wav,
2026-08-18T10:30:57,4,氣象台語,bm-tslm-mixed-lr5e5-e0.9-0804,3.0,30,成功,96.6,73fb0f3804254ef19fb5ca0d07fd93c5,/Users/miru/Documents/活動/台語TTS平台/聲音/測試聲音/Barbet_mix系列批次生成/氣象台語/bm-tslm-mixed-lr5e5-e0.9-0804_CFG3.0_DIT30.wav,
2026-08-18T10:32:41,4,氣象台語,bm-tslm-mixed-mixedval-e2.0-0804,3.0,30,成功,103.3,4384f1f6f25d4562945ea68c9b74389c,/Users/miru/Documents/活動/台語TTS平台/聲音/測試聲音/Barbet_mix系列批次生成/氣象台語/bm-tslm-mixed-mixedval-e2.0-0804_CFG3.0_DIT30.wav,
2026-08-18T15:32:38,1,小王子台語,bm-cent-mixed-e12-ep12-0810,2.0,10,成功,41.9,7e019a58e2a2427aaa73cd275d439f68,/Users/miru/Documents/活動/台語TTS平台/聲音/測試聲音/Barbet_mix系列批次生成/小王子台語/bm-cent-mixed-e12-ep12-0810_CFG2.0_DIT10.wav,
2026-08-18T15:33:15,1,小王子台語,bm-tslm-mixed-e12-ep12-0811,2.0,10,成功,37.4,493fb396bcf74b76b67d9f47b136e4b6,/Users/miru/Documents/活動/台語TTS平台/聲音/測試聲音/Barbet_mix系列批次生成/小王子台語/bm-tslm-mixed-e12-ep12-0811_CFG2.0_DIT10.wav,
2026-08-18T15:33:59,1,小王子台語,bm-tslm-mixed-lr5e5-e0.9-0804,2.0,10,成功,43.5,cd2f95e8b4184b5ca10cd77ca0180f9b,/Users/miru/Documents/活動/台語TTS平台/聲音/測試聲音/Barbet_mix系列批次生成/小王子台語/bm-tslm-mixed-lr5e5-e0.9-0804_CFG2.0_DIT10.wav,
2026-08-18T15:34:44,1,小王子台語,bm-tslm-mixed-mixedval-e2.0-0804,2.0,10,成功,44.4,0f87f0f80526442b921f8e6febad9b49,/Users/miru/Documents/活動/台語TTS平台/聲音/測試聲音/Barbet_mix系列批次生成/小王子台語/bm-tslm-mixed-mixedval-e2.0-0804_CFG2.0_DIT10.wav,
2026-08-18T15:38:54,2,小王子台語,bm-cent-mixed-e12-ep12-0810,2.0,20,成功,62.9,de523a2a5f1e497f967736e9d0cfecc3,/Users/miru/Documents/活動/台語TTS平台/聲音/測試聲音/Barbet_mix系列批次生成/小王子台語/bm-cent-mixed-e12-ep12-0810_CFG2.0_DIT20.wav,
2026-08-18T15:39:51,2,小王子台語,bm-tslm-mixed-e12-ep12-0811,2.0,20,成功,57.5,00dadd2770574cb8a8fc4173af32f969,/Users/miru/Documents/活動/台語TTS平台/聲音/測試聲音/Barbet_mix系列批次生成/小王子台語/bm-tslm-mixed-e12-ep12-0811_CFG2.0_DIT20.wav,
2026-08-18T15:41:04,2,小王子台語,bm-tslm-mixed-lr5e5-e0.9-0804,2.0,20,成功,72.2,a814fbc84b834d2db75ba8e8aa030d51,/Users/miru/Documents/活動/台語TTS平台/聲音/測試聲音/Barbet_mix系列批次生成/小王子台語/bm-tslm-mixed-lr5e5-e0.9-0804_CFG2.0_DIT20.wav,
2026-08-18T15:42:11,2,小王子台語,bm-tslm-mixed-mixedval-e2.0-0804,2.0,20,成功,67.2,66fbd79ab7f4423481a4023bd68d1b25,/Users/miru/Documents/活動/台語TTS平台/聲音/測試聲音/Barbet_mix系列批次生成/小王子台語/bm-tslm-mixed-mixedval-e2.0-0804_CFG2.0_DIT20.wav,
2026-08-18T15:43:13,2,小王子台語,bm-cent-mixed-e12-ep12-0810,2.0,30,成功,61.9,9a3416d6f0524b5baa84344cb3a629fd,/Users/miru/Documents/活動/台語TTS平台/聲音/測試聲音/Barbet_mix系列批次生成/小王子台語/bm-cent-mixed-e12-ep12-0810_CFG2.0_DIT30.wav,
2026-08-18T15:44:56,2,小王子台語,bm-tslm-mixed-e12-ep12-0811,2.0,30,成功,103.1,491c8f5cebf54151b201a5111a31c7dd,/Users/miru/Documents/活動/台語TTS平台/聲音/測試聲音/Barbet_mix系列批次生成/小王子台語/bm-tslm-mixed-e12-ep12-0811_CFG2.0_DIT30.wav,
2026-08-18T15:46:30,2,小王子台語,bm-tslm-mixed-lr5e5-e0.9-0804,2.0,30,成功,93.8,06beed639ed6470f92676cc73f91c4e2,/Users/miru/Documents/活動/台語TTS平台/聲音/測試聲音/Barbet_mix系列批次生成/小王子台語/bm-tslm-mixed-lr5e5-e0.9-0804_CFG2.0_DIT30.wav,
2026-08-18T15:48:03,2,小王子台語,bm-tslm-mixed-mixedval-e2.0-0804,2.0,30,成功,92.4,153c42570dfb4b18a0eb233622c33bad,/Users/miru/Documents/活動/台語TTS平台/聲音/測試聲音/Barbet_mix系列批次生成/小王子台語/bm-tslm-mixed-mixedval-e2.0-0804_CFG2.0_DIT30.wav,
2026-08-18T16:01:40,3,小王子台語,bm-cent-mixed-e12-ep12-0810,3.0,10,成功,36.4,3bf7f16b55a647108f2ab59e1b450909,/Users/miru/Documents/活動/台語TTS平台/聲音/測試聲音/Barbet_mix系列批次生成/小王子台語/bm-cent-mixed-e12-ep12-0810_CFG3.0_DIT10.wav,
2026-08-18T16:02:19,3,小王子台語,bm-tslm-mixed-e12-ep12-0811,3.0,10,成功,38.6,63d05885a27d4e0dbd3fa826c8dc2778,/Users/miru/Documents/活動/台語TTS平台/聲音/測試聲音/Barbet_mix系列批次生成/小王子台語/bm-tslm-mixed-e12-ep12-0811_CFG3.0_DIT10.wav,
2026-08-18T16:03:03,3,小王子台語,bm-tslm-mixed-lr5e5-e0.9-0804,3.0,10,成功,44.3,3ce3c65428db43d0a850c728cbef5a31,/Users/miru/Documents/活動/台語TTS平台/聲音/測試聲音/Barbet_mix系列批次生成/小王子台語/bm-tslm-mixed-lr5e5-e0.9-0804_CFG3.0_DIT10.wav,
2026-08-18T16:03:44,3,小王子台語,bm-tslm-mixed-mixedval-e2.0-0804,3.0,10,成功,40.3,33506e22a7ec417eacf593b3240d407a,/Users/miru/Documents/活動/台語TTS平台/聲音/測試聲音/Barbet_mix系列批次生成/小王子台語/bm-tslm-mixed-mixedval-e2.0-0804_CFG3.0_DIT10.wav,
2026-08-18T16:07:30,4,小王子台語,bm-cent-mixed-e12-ep12-0810,3.0,20,成功,55.6,905c6087c2b349d2907859cd6be41b76,/Users/miru/Documents/活動/台語TTS平台/聲音/測試聲音/Barbet_mix系列批次生成/小王子台語/bm-cent-mixed-e12-ep12-0810_CFG3.0_DIT20.wav,
2026-08-18T16:08:47,4,小王子台語,bm-tslm-mixed-e12-ep12-0811,3.0,20,成功,76.9,d1e1c7728b794d78adf81b1513448dd8,/Users/miru/Documents/活動/台語TTS平台/聲音/測試聲音/Barbet_mix系列批次生成/小王子台語/bm-tslm-mixed-e12-ep12-0811_CFG3.0_DIT20.wav,
2026-08-18T16:09:48,4,小王子台語,bm-tslm-mixed-lr5e5-e0.9-0804,3.0,20,成功,60.9,312fa5970e7c41ee9092586c916d1362,/Users/miru/Documents/活動/台語TTS平台/聲音/測試聲音/Barbet_mix系列批次生成/小王子台語/bm-tslm-mixed-lr5e5-e0.9-0804_CFG3.0_DIT20.wav,
2026-08-18T16:10:50,4,小王子台語,bm-tslm-mixed-mixedval-e2.0-0804,3.0,20,成功,61.4,e6a110e6d32343a3a19f81d7eff79e24,/Users/miru/Documents/活動/台語TTS平台/聲音/測試聲音/Barbet_mix系列批次生成/小王子台語/bm-tslm-mixed-mixedval-e2.0-0804_CFG3.0_DIT20.wav,
2026-08-18T16:12:08,4,小王子台語,bm-cent-mixed-e12-ep12-0810,3.0,30,成功,77.7,67fd18d6090842b1a47fea206e0cb50b,/Users/miru/Documents/活動/台語TTS平台/聲音/測試聲音/Barbet_mix系列批次生成/小王子台語/bm-cent-mixed-e12-ep12-0810_CFG3.0_DIT30.wav,
2026-08-18T16:13:36,4,小王子台語,bm-tslm-mixed-e12-ep12-0811,3.0,30,成功,88.0,21bd8e4501264710a52b982fdb1a6b5c,/Users/miru/Documents/活動/台語TTS平台/聲音/測試聲音/Barbet_mix系列批次生成/小王子台語/bm-tslm-mixed-e12-ep12-0811_CFG3.0_DIT30.wav,
2026-08-18T16:14:59,4,小王子台語,bm-tslm-mixed-lr5e5-e0.9-0804,3.0,30,成功,82.9,a11ffe9e56474ebe882b7b67e8f12577,/Users/miru/Documents/活動/台語TTS平台/聲音/測試聲音/Barbet_mix系列批次生成/小王子台語/bm-tslm-mixed-lr5e5-e0.9-0804_CFG3.0_DIT30.wav,
2026-08-18T16:16:27,4,小王子台語,bm-tslm-mixed-mixedval-e2.0-0804,3.0,30,成功,87.9,82a41da1be554ca180da07e1163855f7,/Users/miru/Documents/活動/台語TTS平台/聲音/測試聲音/Barbet_mix系列批次生成/小王子台語/bm-tslm-mixed-mixedval-e2.0-0804_CFG3.0_DIT30.wav,
